ab_bin,ab_bin_diffs
0.62928340447002,0.003974504847137428
0.675,0.0031889118008178985
0.725,0.007489852867169184
0.775,0.010043205309324454
0.825,0.017795316238818946
0.875,0.01467140755758023
0.925,0.014158252949617025
0.975,0.018140687117030162
1.025,0.014311156323530928
1.075,0.010043911505227175
1.125,-0.00108168719125948
1.175,-0.005467085189121571
1.214253592961618,-0.006270851365278329
